titulo_do_texto,texto,descritor,comando,resposta_item,ano,tipo,origem,resposta,opcoes
O tesouro da casa de lambrequins1 amarelos,"– Não vou! Gritava o guri abraçado ao videogame [...]. – VAMOS! E a última palavra sobre o assunto ficou por conta do pai. Depois de algumas afogadas o motor do fusca funcionou e pegaram a estrada. A lua já ia alta no céu quando o carro parou e a mãe disse eufórica: – Queridos, chegamos! O piá ainda chateado entrou na casa com passos pesados e bateu a porta da sala com força, tanta força que o único quadro que enfeitava a parede caiu e desmontou-se. [...] foi quando viu colado no verso da imagem um papel amarelecido pelo tempo. Desdobrou-o com cuidado e... – Um mapa do tesouro! Murmurou para ninguém ouvir. Limpou a lambança [...] sonhando com um baú cheio de moedas de ouro e joias [...]. – Trinta passos com pernas de pau para o sudoeste. Um.... dois. E a contagem de passos o levou à casinha. [...] Sentado, ficou olhando as paredes de madeira, as aranhas penduradas [...], foi quando percebeu uma tábua meio solta meio presa e fuçando ali descobriu uma lata de metal. – Será o tesouro? [...] Mostrou a lata ao pai que ao abri-la ficou encantado. [...] – Que que é? [...] – É uma coleção de figurinhas lançada por uma marca de bala [...]. Na manhã seguinte, pai e filho estavam na porta da casinha para recomeçar a busca [...]. E a busca pelo tesouro continuou nos dias que vieram e levou os caçadores à descoberta de brinquedos e brincadeiras. Bilboquê, pião, carrinho de rolimã, um mundo de alegrias e diversão. Um dia [...] o pai alcançou um lambrequim amarelo do telhado e [...] ali encontrou uma nova parte do mapa do tesouro que dizia para dar 33 giros em direção ao portão. – Um... dois... vinte e um... trinta. Pai e filho, de tão tontos com os giros, caíram no jardim em meio a bocas-de-leão, lírios, jasmins, sentiram o cheiro das flores, da grama e viram o céu azul [...]. Antes de partir de volta à capital, o piá [...] dobrou meticulosamente o papel amarelado e o colocou atrás do quadro e pensou: – Quem sabe outro menino bate a porta e descobre o tesouro [...]. *Vocabulário: 1 lambrequins: enfeite que fica habitualmente preso no teto das casas.",D23 - Identificar os níveis de linguagem e/ou as marcas linguísticas que evidenciam locutor e/ou interlocutor.,"Nesse texto, o termo “guri” é um exemplo de linguagem",a,8° ano,SPAECE,Avaliação paraná,arcaica.,"['arcaica.', 'científica.', 'padrão.', 'regional.']"
A música brasileira já não é como antes?,"Nos últimos anos, tem­se discutido sobre como a música brasileira mudou, saindo dos padrões das décadas passadas e atingindo outros patamares, ritmos e estilos. A arte em si é sempre atacada e comparada entre o que realmente é arte ou deixa de ser arte. [...] O mesmo acontece no meio musical. Estilos que hoje se destacam no cenário brasileiro, como funk ou piseiro, vêm sendo comparados com o MPB. Desse modo, surge um questionamento: a música brasileira já não é como antes? Não, a música brasileira não é como antes, mas isso não quer dizer que o que temos hoje deixe de ser música. [...] [...] o que decide se uma música é boa ou não é nossa própria opinião. Mas ela não faz com que os demais tipos de música deixem de ser música. E pasmem, funk e piseiro também são MPB! Música Popular Brasileira é música surgida no Brasil e popularmente ouvida no Brasil, o nome é autoexplicativo. Certo que existe o gênero MPB (os clássicos que conhecemos), mas os atuais não deixam de ser músicas populares brasileiras. Música não se compara. Arte não se compara. Elas coexistem. Há quem goste de determinado tipo, e há quem não goste. A MPB ainda existe, seja através de Gilberto Gil, Gal Costa e Rita Lee, ou através de Ludmilla, Iza e Barões da Pisadinha. Temos uma cultura enorme que merece ser conhecida lá fora, não deixe com que suas preferências atrapalhem a potencialidade cultural que temos.",D23 - Identificar os níveis de linguagem e/ou as marcas linguísticas que evidenciam locutor e/ou interlocutor.,"Nesse texto, o trecho: “...tem ­se discutido sobre como a música brasileira mudou...” é um exemplo de linguagem",c,8° ano,SPAECE,Avaliação paraná,formal.,"['científica.', 'coloquial.', 'formal.', 'regional.']"
Zootopia: Essa cidade é o bicho,"Já foi o tempo em que as animações e desenhos eram feitos somente para crianças. O novo trabalho da Disney complementa essa nova tendência: Zootopia: Essa cidade é o bicho ainda traz animais fofos, em uma aparente aventura no padrão Disney. Mas se engana quem acha que Zootopia é mais uma caricata produção voltada exclusivamente ao público infantil. Zootopia, cidade cenário do filme, não tem presença humana, mas traz todos os elementos das grandes cidades e os problemas do mundo adulto [...] de forma clara e aprofundada. Os habitantes desta metrópole foram retratados como animais das mais diferentes espécies, dividindo a utopia de uma sociedade pacífica e harmoniosa, onde presas e predadores convivem em paz e harmonia social. [...]. E assim a cidade de Zootopia se apresenta ao público, na visão de Judy, uma coelha do interior que queria ser policial na cidade grande, enfrentando [...] dificuldades para ser aceita em meio aos mais fortes e aptos. As belas cenas iniciais convidam o espectador a acompanhar a personagem em sua admiração pela grandeza da metrópole, ao som da belíssima trilha sonora da cantora colombiana Shakira, que também faz a dublagem original da personagem Gazelle, a gazela Pop Star de Zootopia. [...] E falando nos animais de Zootopia, tanto os coadjuvantes quanto principais são profundos em sua construção, mostrando um trabalho de muita qualidade na criação de cenas, diálogos e texturas em cada um dos personagens em cena. O filme alterna momentos no melhor estilo Disney de ternura e felicidade, assim como momentos adultos e cheios de conflitos e profundidade. [...] Um ponto negativo do filme foi o 3D, que não acrescenta muitos efeitos além de profundidade em algumas cenas, o que poderia ser melhor trabalhado pela Disney. Mas no geral, Zootopia foi um belo trabalho e merece destaque pela ousadia e profundidade de criação. Zootopia é realmente uma cidade que é o bicho!",D23 - Identificar os níveis de linguagem e/ou as marcas linguísticas que evidenciam locutor e/ou interlocutor.,"Nesse texto, a expressão “que é o bicho!” é um exemplo de linguagem",c,8° ano,SPAECE,Avaliação paraná,coloquial.,"['arcaica.', 'científica.', 'coloquial.', 'formal.']"
Maria Fumaça,"Chegava dezembro e lá vinha minha mãe me consultar a respeito da minha vontade de ir ou não passar as férias na casa da vó Ana, em Teixeira Soares, pequena cidade do interior do Paraná. Parece que ainda ouço mamãe dizer. – Carlinhos, você vai ou não passar as férias na casa da vovó? – Eba! Sim, sim, sim. Minha resposta era sempre sim. Viajar de trem era uma aventura que eu não podia perder [...]. Eu levantava muito cedo no dia da viagem. O trem, que era a Maria Fumaça, saía de Guarapuava, cidade onde eu morava, às cinco horas da manhã, ainda era escuro. E só chegava ao meu destino final à tardinha, quase noite. Durante o dia inteiro ia parando em lugarejos e cidades por onde passava para embarque e desembarque de passageiros. Sei de cor os nomes de algumas estações do caminho percorrido para a casa da minha avó [...]. A [...] locomotiva1 levava um comboio2 de vagões de carga e na parte de trás eram os vagões de passageiros. [...]. De vez em quando, passava pelos vagões um funcionário da empresa vendendo guloseimas. – Huuumm! [...] Eu gostava de imitar, meio cantarolando, o barulho das rodas de ferro nos trilhos: – Telelém... talalá... telelém ... talalá. Esse barulho acelerava ou ficava mais lento conforme a velocidade da Maria Fumaça. Pela janela via-se a locomotiva lá em frente e uma fileira de vagões fazendo curvas, atravessando florestas e paredões de rochedos. [...] Quando a Maria Fumaça se aproximava de lugarejos ou estações, o trem diminuía a velo cidade e apitava alto, parecia dizer: – Chegueeeeeiii! As pessoas que aguardavam na estação tinham os rostos festivos e cheios de expectativas. O leva e traz diário de coisas e gente, de encontros e desencontros movimentava as cidades. Era assim, quando eu [...] viajava de Maria Fumaça para a casa da minha avó, em 1965.",D23 - Identificar os níveis de linguagem e/ou as marcas linguísticas que evidenciam locutor e/ou interlocutor.,"Nesse texto, no trecho “O trem, que era a Maria Fumaça, saía de Guarapuava, cidade onde
eu morava, às cinco horas da manhã...” a linguagem utilizada é",d,8° ano,SPAECE,Avaliação paraná,forma.,"['arcaica.', 'científica.', 'coloquia.', 'forma.']"
Maria Fumaça,"Chegava dezembro e lá vinha minha mãe me consultar a respeito da minha vontade de ir ou não passar as férias na casa da vó Ana, em Teixeira Soares, pequena cidade do interior do Paraná. Parece que ainda ouço mamãe dizer. – Carlinhos, você vai ou não passar as férias na casa da vovó? – Eba! Sim, sim, sim. Minha resposta era sempre sim. Viajar de trem era uma aventura que eu não podia perder [...]. Eu levantava muito cedo no dia da viagem. O trem, que era a Maria Fumaça, saía de Guarapuava, cidade onde eu morava, às cinco horas da manhã, ainda era escuro. E só chegava ao meu destino final à tardinha, quase noite. Durante o dia inteiro ia parando em lugarejos e cidades por onde passava para embarque e desembarque de passageiros. Sei de cor os nomes de algumas estações do caminho percorrido para a casa da minha avó [...]. A [...] locomotiva1 levava um comboio2 de vagões de carga e na parte de trás eram os vagões de passageiros. [...]. De vez em quando, passava pelos vagões um funcionário da empresa vendendo guloseimas. – Huuumm! [...] Eu gostava de imitar, meio cantarolando, o barulho das rodas de ferro nos trilhos: – Telelém... talalá... telelém ... talalá. Esse barulho acelerava ou ficava mais lento conforme a velocidade da Maria Fumaça. Pela janela via-se a locomotiva lá em frente e uma fileira de vagões fazendo curvas, atravessando florestas e paredões de rochedos. [...] Quando a Maria Fumaça se aproximava de lugarejos ou estações, o trem diminuía a velo cidade e apitava alto, parecia dizer: – Chegueeeeeiii! As pessoas que aguardavam na estação tinham os rostos festivos e cheios de expectativas. O leva e traz diário de coisas e gente, de encontros e desencontros movimentava as cidades. Era assim, quando eu [...] viajava de Maria Fumaça para a casa da minha avó, em 1965. *Vocabulário: 1 locomotiva: trem. 2comboio: conjunto de veículos.",D21 - Reconhecer o efeito decorrente do emprego de recursos estilísticos e morfossintáticos.,"Nesse texto, o termo “des-” na palavra “desencontros” produz o sentido de",c,8° ano,SPAECE,Avaliação paraná,sinalizar oposição.,"['demostrar repetição.', 'indicar duplicidade.', 'sinalizar oposição.', 'revelar superioridade.']"
Quem é esse Will?,"Sente-se. [...] Meu nome é Willian Leite. Sou designer gráfico, quadrinista e ilustrador. Nasci em 1986 na discreta cidade de Porecatu, no Paraná. Atualmente moro em Apucarana, ainda no Paraná. Sou formado em Publicidade e Propaganda e pós-graduado em Design, Cognição e Mídia. O design foi até aqui o meu maior ganha-pão. Mas pouco a pouco o Will Tirando vem tomando conta da minha vida. Faço tiras desde 2007. Comecei publicando nas redes sociais da vida. Meu público era minha família e meus amigos. No início as tiras tinham um estilo bem conhecido no mundo das webcomics: o stickman ou boneco palitinho. Diante de muitas críticas e da necessidade de mudança, fui adaptando meu estilo até chegar no que é hoje. Sou só mais um cartunista influenciado pelos gigantes dos quadrinhos nacionais. Meus personagens, como você pode notar, não têm nariz [...]. Isso não é só influência. Isso é opção também. Meus desenhos não são bonitos, mas são felizes. Na internet ganhei um bom espaço graças (principalmente) a sites de humor [...]. É estranho elogiar o próprio trabalho, mas atribuo a boa aceitação dos leitores ao fato desses se identificarem com o conteúdo das tiras – que quase sempre abordam temas bem populares, por ter um estilo próprio e por publicar com boa frequência. O blog já ultrapassou a marca de 1000 tiras publicadas (sem contar as tiras palitos). Outro aspecto que cativa certos leitores é a pureza que as tiras carregam. [...] Há quem diga que as tiras despertam o poder de reflexão. Não sei… não é a prioridade que tenho quando as faço. [...]",D21 - Reconhecer o efeito decorrente do emprego de recursos estilísticos e morfossintáticos.,"Nesse texto, no trecho “... ou boneco palitinho.” a terminação “-inho” na palavra ""palitinho"" produz o sentido de",d,8° ano,SPAECE,Avaliação paraná,sugerir afetividade.,"['apontar reprovação.', 'demonstrar deboche.', 'marcar incerteza.', 'sugerir afetividade.']"
Suas coisas estão uma bagunça? [...],"Você já ouviu a frase: “se você sente que sua vida está bagunçada, comece arrumando suas gavetas”? Apesar de estranho, saiba que faz sentido: ordenar o exterior é um exercício para conseguir se organizar mentalmente, que pode ser com metas, objetivos ou mesmo listas de tarefas mais claras e objetivas – e, preferencialmente, que sejam possíveis de serem completadas. [...] Em determinadas situações projetamos no ambiente externo aquilo que nos incomoda, o que pode transparecer na ausência de mínima organização dos objetos, móveis, roupas, materiais etc., ou resumindo, uma bagunça. [...] cada um de nós se adapta ao ambiente externo de maneira única, portanto, alguns são aparentemente mais organizados, enquanto outros são mais desorganizados no dia a dia. Esses padrões comportamentais são comuns e não necessariamente refletem em problemas. Arrumar a bagunça externa dá um alívio, uma sensação de espaço nos conforta e a energia flui melhor. Mas, se internamente vivemos em estados de estresse, a vida vai sempre tender ao caos e logo a bagunça se instalará novamente. [...] Por isso, o ideal é buscar sempre estados interiores de alegria, paz interior, coragem, calma e gratidão que tornam possível criarmos relacionamentos harmoniosos, resultados que realmente nos satisfazem e soluções eficazes. [...]",D21 - Reconhecer o efeito decorrente do emprego de recursos estilísticos e morfossintáticos.,"Nesse texto, na palavra “desorganizados” o prefixo em ""des"" produz o sentido de",b,8° ano,SPAECE,Avaliação paraná,negação.,"['repetição.', 'negação.', 'superioridade.', 'duplicidade.']"
Praias onde vale a pena curtir o verão Prepare-se para escolher os lugares ideais para o banho de mar [...],"Está chegando o momento mais aguardado do ano. É quando os estudos dão uma trégua, o trabalho fica para depois e as únicas coisas importantes para fazer são curtir o sol, praticar esportes e aproveitar a paisagem. Para onde ir? Os 9.198 quilômetros do litoral brasileiro abrigam lugares paradisíacos, onde o banho de mar e a areia branquinha são uma tentação para quem passou 11 meses do ano vendo o mar a distância. Mas é preciso ser realista. Há pedaços da costa perdidos para as férias. “Em geral, a condição do litoral brasileiro é ruim para os banhos de mar”, confirma Luiz Roberto Tommasi, um dos maiores especialistas em poluição marinha do país, que há anos avalia as condições das praias. Diante da imensidão azul, pode parecer que o quadro não é assim tão grave. Afinal, o mar deveria diluir a sujeira toda deixada pelos turistas concentrados nesta época do ano. Mas o excesso de esgoto não se manifesta apenas pelo cheiro desagradável, a cor escura da água e o lixo generalizado. O esgoto mata o plâncton que produz o oxigênio e carrega bactérias nocivas e materiais que não são degradados. Entra na cadeia alimentar marinha e contamina os peixes. [...] A poluição das praias não é causada apenas pelo esgoto e a sujeira deixada pelos banhistas mal-educados. O petróleo que vaza dos navios, por exemplo, causa danos ecológicos que perduram durante anos. Mas é um problema localizado. A poluição mais grave do litoral brasileiro é provocada pelo saneamento deficiente. Apenas 4,8% da população das cidades costeiras é atendida pela rede de esgoto. As consequências na qualidade da água do mar são percebidas por meio de exames do nível de coliformes fecais. As medições periódicas indicam se a praia está contaminada por esgoto [...]. Muitos jornais costumam dar os resultados desses exames, principalmente no verão. Mas os interessados também podem acompanhar a situação de sua praia favorita pela internet [...].",D21 - Reconhecer o efeito decorrente do emprego de recursos estilísticos e morfossintáticos.,"No texto, no trecho “... onde o banho de mar e a areia branquinha são uma tentação...” o uso do diminutivo no termo ""branquinha""",d,8° ano,SPAECE,Avaliação paraná,"intensifica a cor da areia.","['demonstra afeto.', 'destaca a extensão da praia.', 'indica ironia.', 'intensifica a cor da areia.\r']"
Família paranaense fatura medalha de prata em concurso de queijo mais importante do mundo,"O Paraná foi muito bem representado no Concours Mondial du Fromage et des Produits Laitiers (Concurso Mundial dos Queijos e Laticínios). A premiação aconteceu de 12 a 14 de setembro, em Tours, na França. Os produtores de leite, Marisa Alexandre Martins e Leomar Melo Martins, responsáveis pelo Sítio Aliança, localizado no município Santana do Itararé, conquistaram a medalha de prata. A grande aposta da família Martins foi o queijo Maná Concafé Gourmet, com 30 dias de maturação. “O nosso queijo é feito de leite de vaca Jersey com gordura e qualidade alta. É feito com café gourmet de altíssima qualidade e precisa de 30 dias de maturação na câmara fria. É saboroso e possui um gosto não muito forte de café”, explica Leomar. Segundo o produtor, o prêmio internacional coloca o Estado do Paraná em posição de destaque. “O Paraná está entrando no âmbito nacional e internacional, isso demonstra que temos produtos originais de qualidade e seguros. Ganhar um prêmio internacional como esse, principalmente, para nós que somos de uma pequena propriedade de agricultura familiar do Norte do Paraná, é indescritível.” ressaltou a família Martins. [...] No total, participaram da competição 940 queijos de 46 países. Destes, 183 vieram de 57 produtores brasileiros, que garantiram 57 medalhas ao país: cinco delas foram super ouro, as mais importantes da disputa. O Brasil ainda conquistou 11 medalhas de ouro, 24 de prata e 17 de bronze. Ao todo, 331 medalhas foram concedidas na competição.",D21 - Reconhecer o efeito decorrente do emprego de recursos estilísticos e morfossintáticos.,"Nesse texto, o sufixo “-íssima”, na palavra “altíssima” produz o sentido de",c,8° ano,SPAECE,Avaliação paraná,indicar intensidade.,"['apontar negação.', 'demonstrar origem.', 'indicar intensidade.', 'sugerir anterioridade.']"
O tesouro da casa de lambrequins amarelos,"– Não vou! Gritava o guri abraçado ao videogame [...]. – VAMOS! E a última palavra sobre o assunto ficou por conta do pai. Depois de algumas afogadas o motor do fusca funcionou e pegaram a estrada. A lua já ia alta no céu quando o carro parou e a mãe disse eufórica: – Queridos, chegamos! O piá ainda chateado entrou na casa com passos pesados e bateu a porta da sala com força, tanta força que o único quadro que enfeitava a parede caiu e desmontou-se. [...] foi quando viu colado no verso da imagem um papel amarelecido pelo tempo. Desdobrou-o com cuidado e... – Um mapa do tesouro! Murmurou para ninguém ouvir. Limpou a lambança [...] sonhando com um baú cheio de moedas de ouro e joias [...]. – Trinta passos com pernas de pau para o sudoeste. Um.... dois. E a contagem de passos o levou à casinha. [...] Sentado, ficou olhando as paredes de madeira, as aranhas penduradas [...], foi quando percebeu uma tábua meio solta meio presa e fuçando ali descobriu uma lata de metal. – Será o tesouro? [...] Mostrou a lata ao pai que ao abri-la ficou encantado. [...] – Que que é? [...] – É uma coleção de figurinhas lançada por uma marca de bala [...]. Na manhã seguinte, pai e filho estavam na porta da casinha para recomeçar a busca [...]. E a busca pelo tesouro continuou nos dias que vieram e levou os caçadores à descoberta de brinquedos e brincadeiras. Bilboquê, pião, carrinho de rolimã, um mundo de alegrias e diversão. Um dia [...] o pai alcançou um lambrequim amarelo do telhado e [...] ali encontrou uma nova parte do mapa do tesouro que dizia para dar 33 giros em direção ao portão. – Um... dois... vinte e um... trinta. Pai e filho, de tão tontos com os giros, caíram no jardim em meio a bocas-de-leão, lírios, jasmins, sentiram o cheiro das flores, da grama e viram o céu azul [...]. Antes de partir de volta à capital, o piá [...] dobrou meticulosamente o papel amarelado e o colocou atrás do quadro e pensou: – Quem sabe outro menino bate a porta e descobre o tesouro [...]. *Vocabulário: 1 lambrequins: enfeite que fica habitualmente preso no teto das casas.",D20 - Reconhecer o efeito de sentido decorrente do uso da pontuação e de outras notações.,"Nesse texto, no trecho “– Será o tesouro?” o ponto de interrogação produz o sentido de",c,8° ano,SPAECE,Avaliação paraná,indicar uma dúvida.,"['apontar espanto.\r', 'enfatizar um alerta.', 'indicar uma dúvida.', 'demonstrar euforia.']"
Jurássicas penas,"Olá, CHC! Gostei muito da notícia do dinossauro com penas. Fiquei em dúvida se ele é só carnívoro ou onívoro (comem carne e vegetais), seria legal se vocês publicassem sobre isso. Também não sabia que existiam dinossauros que tinham penas no rabo. Podem publicar, por favor, a minha carta? Sophie Sauer Harber Machado. Curitiba/PR. Oi, Sophie. Veja a sua carta publicada! Sobre os dinossauros, você pode encontrar essas res postas na CHC digital!",D20 - Reconhecer o efeito de sentido decorrente do uso da pontuação e de outras notações.,"Nesse texto, no trecho “Olá, CHC!” o ponto de exclamação produz o sentido de",b,8° ano,SPAECE,Avaliação paraná,indicar entusiasmo.,"['demostrar raiva.', 'indicar entusiasmo.', 'sinalizar ironia.', 'reforçar saudade']"
-,"Está se sentindo desmotivado, desanimado e sem energia? Então [...] aprenda alguns bons hábitos para vencer a preguiça. Um pouco de preguiça não faz mal a ninguém... E ela é ótima principalmente quando trabalhamos duro por várias horas, ou quando ficamos na cama em um dia muito frio. No entanto, quando ela passa a dominar nossos dias [...] é hora de começar a [...] vencer a preguiça. [...] Em alguns casos, a preguiça pode ser resultado de cansaço e falta de energia. Se esse for o seu caso, você precisa dar a si mesmo o descanso e o sono que precisa. Além disso, busque fazer bastante exercício físico. Isso lhe dará uma energia extra para enfrentar a semana. [...] Em alguns casos, o motivo da preguiça é devido à falta de motivação. Você pode fortalecer sua motivação por meio de afirmações positivas e autoconhecimento. [...] Concentre-se em fazer uma coisa de cada vez. [...] Sua imaginação tem uma grande influência em sua mente, hábitos e ação. Visualize-se realizando a tarefa com facilidade, energia e entusiasmo. [...] Vencer a preguiça só é possível se fizermos uma série de ações e atividades diárias. Toda vez que você supera, sua preguiça fica mais forte. [...]",D20 - Reconhecer o efeito de sentido decorrente do uso da pontuação e de outras notações.,"No texto, no trecho “Está se sentindo desmotivado, desanimado e sem energia?”, o ponto de interrogação produz o sentido de",b,8° ano,SPAECE,Avaliação paraná,estabelecer um diálogo com o leitor.,"['demonstrar um deboche do autor.', 'estabelecer um diálogo com o leitor.', 'indicar uma surpresa do autor.', 'revelar uma preocupação com o leitor.\r']"
Suas coisas estão uma bagunça? [...],"Você já ouviu a frase: “se você sente que sua vida está bagunçada, comece arrumando suas gavetas”? Apesar de estranho, saiba que faz sentido: ordenar o exterior é um exercício para conseguir se organizar mentalmente, que pode ser com metas, objetivos ou mesmo listas de tarefas mais claras e objetivas – e, preferencialmente, que sejam possíveis de serem completadas. [...] Em determinadas situações projetamos no ambiente externo aquilo que nos incomoda, o que pode transparecer na ausência de mínima organização dos objetos, móveis, roupas, materiais etc., ou resumindo, uma bagunça. [...] cada um de nós se adapta ao ambiente externo de maneira única, portanto, alguns são aparentemente mais organizados, enquanto outros são mais desorganizados no dia a dia. Esses padrões comportamentais são comuns e não necessariamente refletem em problemas. Arrumar a bagunça externa dá um alívio, uma sensação de espaço nos conforta e a energia flui melhor. Mas, se internamente vivemos em estados de estresse, a vida vai sempre tender ao caos e logo a bagunça se instalará novamente. [...] Por isso, o ideal é buscar sempre estados interiores de alegria, paz interior, coragem, calma e gratidão que tornam possível criarmos relacionamentos harmoniosos, resultados que realmente nos satisfazem e soluções eficazes. [...]",D20 - Reconhecer o efeito de sentido decorrente do uso da pontuação e de outras notações.,"Nesse texto, no trecho: “‘...comece arrumando suas gavetas’?” o ponto de interrogação produz o sentido de",d,8° ano,SPAECE,Avaliação paraná,marcar um diálogo com o leitor.,"['indicar insegurança.', 'demonstrar incompreensão.', 'destacar uma ironia do autor.', 'marcar um diálogo com o leitor.']"
Praias onde vale a pena curtir o verão Prepare-se para escolher os lugares ideais para o banho de mar [...],"Está chegando o momento mais aguardado do ano. É quando os estudos dão uma trégua, o trabalho fica para depois e as únicas coisas importantes para fazer são curtir o sol, praticar esportes e aproveitar a paisagem. Para onde ir? Os 9.198 quilômetros do litoral brasileiro abrigam lugares paradisíacos, onde o banho de mar e a areia branquinha são uma tentação para quem passou 11 meses do ano vendo o mar a distância. Mas é preciso ser realista. Há pedaços da costa perdidos para as férias. “Em geral, a condição do litoral brasileiro é ruim para os banhos de mar”, confirma Luiz Roberto Tommasi, um dos maiores especialistas em poluição marinha do país, que há anos avalia as condições das praias. Diante da imensidão azul, pode parecer que o quadro não é assim tão grave. Afinal, o mar deveria diluir a sujeira toda deixada pelos turistas concentrados nesta época do ano. Mas o excesso de esgoto não se manifesta apenas pelo cheiro desagradável, a cor escura da água e o lixo generalizado. O esgoto mata o plâncton que produz o oxigênio e carrega bactérias nocivas e materiais que não são degradados. Entra na cadeia alimentar marinha e contamina os peixes. [...] A poluição das praias não é causada apenas pelo esgoto e a sujeira deixada pelos banhistas mal-educados. O petróleo que vaza dos navios, por exemplo, causa danos ecológicos que perduram durante anos. Mas é um problema localizado. A poluição mais grave do litoral brasileiro é provocada pelo saneamento deficiente. Apenas 4,8% da população das cidades costeiras é atendida pela rede de esgoto. As consequências na qualidade da água do mar são percebidas por meio de exames do nível de coliformes fecais. As medições periódicas indicam se a praia está contaminada por esgoto [...]. Muitos jornais costumam dar os resultados desses exames, principalmente no verão. Mas os interessados também podem acompanhar a situação de sua praia favorita pela internet [...].",D20 - Reconhecer o efeito de sentido decorrente do uso da pontuação e de outras notações.,"No texto, no trecho “‘Em geral, a condição do litoral brasileiro é ruim para os banhos de mar’”,... as aspas foram usadas para",b,8° ano,SPAECE,Avaliação paraná,indicar a fala de uma pessoa.,"['destacar o uso de expressão irônica.', 'indicar a fala de uma pessoa.', 'introduzir um comentário do autor.', 'marcar um trecho importante.']"
O tesouro da casa de lambrequins1 amarelos,"– Não vou! Gritava o guri abraçado ao videogame [...]. – VAMOS! E a última palavra sobre o assunto ficou por conta do pai. Depois de algumas afogadas o motor do fusca funcionou e pegaram a estrada. A lua já ia alta no céu quando o carro parou e a mãe disse eufórica: – Queridos, chegamos! O piá ainda chateado entrou na casa com passos pesados e bateu a porta da sala com força, tanta força que o único quadro que enfeitava a parede caiu e desmontou-se. [...] foi quando viu colado no verso da imagem um papel amarelecido pelo tempo. Desdobrou-o com cuidado e... – Um mapa do tesouro! Murmurou para ninguém ouvir. Limpou a lambança [...] sonhando com um baú cheio de moedas de ouro e joias [...]. – Trinta passos com pernas de pau para o sudoeste. Um.... dois. E a contagem de passos o levou à casinha. [...] Sentado, ficou olhando as paredes de madeira, as aranhas penduradas [...], foi quando percebeu uma tábua meio solta meio presa e fuçando ali descobriu uma lata de metal. – Será o tesouro? [...] Mostrou a lata ao pai que ao abri-la ficou encantado. [...] – Que que é? [...] – É uma coleção de figurinhas lançada por uma marca de bala [...]. Na manhã seguinte, pai e filho estavam na porta da casinha para recomeçar a busca [...]. E a busca pelo tesouro continuou nos dias que vieram e levou os caçadores à descoberta de brinquedos e brincadeiras. Bilboquê, pião, carrinho de rolimã, um mundo de alegrias e diversão. Um dia [...] o pai alcançou um lambrequim amarelo do telhado e [...] ali encontrou uma nova parte do mapa do tesouro que dizia para dar 33 giros em direção ao portão. – Um... dois... vinte e um... trinta. Pai e filho, de tão tontos com os giros, caíram no jardim em meio a bocas-de-leão, lírios, jasmins, sentiram o cheiro das flores, da grama e viram o céu azul [...]. Antes de partir de volta à capital, o piá [...] dobrou meticulosamente o papel amarelado e o colocou atrás do quadro e pensou: – Quem sabe outro menino bate a porta e descobre o tesouro [...]. *Vocabulário: 1 lambrequins: enfeite que fica habitualmente preso no teto das casas.",D19 – Reconhecer o efeito de sentido decorrente da escolha de uma determinada palavra ou expressão.,"Nesse texto, a expressão “passos pesados” produz o sentido de",b,8° ano,SPAECE,Avaliação paraná,indicar que o personagem estava cansado.,"['explicitar a insatisfação do personagem.', 'indicar que o personagem estava cansado.', 'mostrar o modelo dos sapatos do personagem.', 'ressaltar que o personagem gostaria de correr']"
Supergirl − 5a temporada,"Quando alguma produção, seja série ou filme, entrega um resultado memorável, isso é bom e ruim ao mesmo tempo. A quarta temporada de Supergirl, por exemplo, foi a melhor da série até agora. Trazendo camadas de discussões sociais para uma atração com heróis que voam por aí, o seriado criou uma voz única, ao mesmo tempo em que aprofundou a história de personagens. Com isso, a 5a temporada já chegou com uma expectativa enorme que, infelizmente, não foi atendida. Com foco em uma trama sobre tecnologia e uma ameaça que ficou em segundo plano, grande parte do tempo, os novos episódios foram os mais confusos da série até aqui. Desde o começo, o 5o ano de Supergirl tentou emplacar a ideia de ter a tecnologia como a grande vilã. Nos primeiros episódios, uma Kara Danvers (Melissa Benoist) incomoda da olhava para os lados enquanto todas as pessoas estavam focadas em seus celulares. Olhando de longe, dá para entender qual foi o ponto de partida da ideia: pegar novamente uma trama relevante no mundo atual e falar sobre ela. O problema é que a produção nunca se aprofundou de fato nos problemas sobre a tecnologia. Utilizando um aplicativo de realidade virtual como gancho, Supergirl não saiu dos discursos rasos [...]. Em nenhum momento a série se aprofundou de fato na história de algum personagem para mostrar porque ele prefere a tecnologia ao mundo real. Será que é por conta de algum trauma? O personagem está superando algum luto? Nada disso é trazido como um saudável contraponto para enriquecer a discussão. Depois de uma temporada que dedicou um episódio inteiro para mostrar as motivações de um vilão, Supergirl voltou ao raso e isso se reflete também em outros núcleos. [...]",D19 – Reconhecer o efeito de sentido decorrente da escolha de uma determinada palavra ou expressão.,"Nesse texto, no trecho “... o 5° ano de Supergirl tentou emplacar a ideia...” a expressão ""tentou emplacar"" produz o sentido de",c,8° ano,SPAECE,Avaliação paraná,indicar que a série queria retratar a tecnologia de maneira negativa.,"['apontar a frequência do uso dos celulares entre as pessoas', 'demonstrar que as pessoas estão usando aplicativos para assistir a séries.', 'indicar que a série queria retratar a tecnologia de maneira negativa.', 'mostrar que a tecnologia está avançada no mundo atual.']"
"Dançando no ar – Nora Roberts
","Sabe aqueles livros encantadores, que trazem um romance fofo e que nos fazem refletir sobre tudo aquilo que é importante na vida? Dançando no Ar é exatamente assim. [...] Nell Channing, nossa protagonista, inicia a história mudando-se para a Ilha das Três Irmãs, um lugar que ela [...] espera ser um refúgio. [...] A Ilha das Três Irmãs é um aconchego só, deu vontade de conhecer pessoalmente este lugar maravilhoso, as paisagens são lindíssimas e as descrições da autora nos deixam sonhando acordada [...]. Além de Nell, somos apresentadas a Ripley, a irmã do xerife da ilha, e Mia, a dona de uma livraria com café. É no café que Nell começa a trabalhar fazendo doces e, com seu talento e dedicação, não demora muito para ela conquistar toda a ilha como fregueses e também como amigos. Os destinos destas três personagens estão ligados pelos seus antepassados [...]. Cada uma delas tem um papel fundamental na história [...]. A trama, criada por Nora Roberts de forma bem doce, traz um romance arrebatador e um mistério que encanta o leitor. O toque de magia vem para tornar a obra mais deliciosa ainda e nos prender totalmente a narrativa, que é leve e fluida. Nora, além do romance e da magia, trabalha os laços familiares e de amizade de uma forma muito singela e tocante [...]. Romance, aventura, mistério e magia. Tudo isso você encontrará aqui nesta obra doce e super gostosa de ler. Com certeza recomendo a leitura.",D19 – Reconhecer o efeito de sentido decorrente da escolha de uma determinada palavra ou expressão.,"Nesse texto, a expressão “Com certeza” produz o sentido de",c,8° ano,SPAECE,Avaliação paraná,reafirmar que o leitor deve ler o livro que foi resenhado.,"['afirmar que as paisagens do livro são bem descritas.', 'ordenar que o leitor dê a sua opinião sobre o livro.', 'reafirmar que o leitor deve ler o livro que foi resenhado.', 'sugerir que os personagens do livro são talentosos.']"
"Sabores que vêm do cérebro","Você já ouviu a frase: “rapadura é doce, mas não é mole não”? Essa é uma expressão popular da língua portuguesa para mostrar que tudo tem dois lados – assim como a rapadura, que, embora seja doce, é dura à beça! Mas para a gente perceber, por exemplo, que algo tem um sabor doce e, ao mesmo tempo, é difícil de mastigar quem entra em ação é… o cérebro. E você achava que essa percepção era feita pela língua, hein? [...] A rapadura, você deve conhecer, é um doce feito da cana-de-açúcar que é muito, mas muito doce mesmo! Quem percebe toda essa doçura não é a língua. Ela e outras partes do corpo envolvidas na nossa digestão trabalham para enviar informações ao cérebro – ele, sim, é quem reconhece o sabor. Mas que partes do corpo são essas? Bem, tem a língua, o palato (também conhecido como “céu da boca”) e a faringe, órgão que faz parte dos sistemas digestório e respiratório ao mesmo tempo. Cada um dos três – língua, palato e faringe – tem seus receptores sensoriais para reconhecer os estímulos de um alimento e mandar as informações ao cérebro, que, numa fração de segundos, traduz o sabor. [...]",D05 - Identificar o tema ou assunto de um texto.,Qual é o tema desse texto?,c,8° ano,SPAECE,Avaliação paraná,O processo de reconhecimento dos sabores pelo cérebro.,"[' A digestão dos alimentos doces pelo corpo humano.', 'A fabricação de um doce a partir da cana-de-açúcar.', 'O processo de reconhecimento dos sabores pelo cérebro.', 'O uso de uma expressão popular na língua portuguesa.']"
"Sabores que vêm do cérebro","Você já ouviu a frase: “rapadura é doce, mas não é mole não”? Essa é uma expressão popular da língua portuguesa para mostrar que tudo tem dois lados – assim como a rapadura, que, embora seja doce, é dura à beça! Mas para a gente perceber, por exemplo, que algo tem um sabor doce e, ao mesmo tempo, é difícil de mastigar quem entra em ação é… o cérebro. E você achava que essa percepção era feita pela língua, hein? [...] A rapadura, você deve conhecer, é um doce feito da cana-de-açúcar que é muito, mas muito doce mesmo! Quem percebe toda essa doçura não é a língua. Ela e outras partes do corpo envolvidas na nossa digestão trabalham para enviar informações ao cérebro – ele, sim, é quem reconhece o sabor. Mas que partes do corpo são essas? Bem, tem a língua, o palato (também conhecido como “céu da boca”) e a faringe, órgão que faz parte dos sistemas digestório e respiratório ao mesmo tempo. Cada um dos três – língua, palato e faringe – tem seus receptores sensoriais para reconhecer os estímulos de um alimento e mandar as informações ao cérebro, que, numa fração de segundos, traduz o sabor. [...]","D17 - Reconhecer o sentido das relações lógico-discursivas marcadas por conjunções, advérbios etc.","Nesse texto, no trecho ‘“rapadura é doce, mas não é mole não’” a palavra ""mas"" estabelece relação de",d,8° ano,SPAECE,Avaliação paraná,oposição.,"['adição.', 'conclusão.', 'explicação.\r', 'oposição.']"
Dicionário de formas,"Era uma vez eu, Zé Sorveteiro, que me apaixonei por uma princesa que acabara de chegar do outro lado da Terra. Bolei para ela um dicionário de quatro palavras: bola, quadrado, retângulo, triângulo. Japonês se escreve com desenhos. Com desenhos a princesa aprenderia português! [...] Ia até meu carrinho e pedia, desenhando no ar: – Triângulo-bola. Sorvete na casquinha! O dicionário funcionava às maravilhas. Eu? Mandava bilhetes. Desenhava um quadrado com um triângulo em cima e escrevia: casa!!! Caprichava nos pontos de exclamação. Casa!!! Casa!!! Fácil de entender: casa comigo. Mas toda princesa tem uma fera para encontrar bilhetes. Uma hora a fera mandou me chamar. Aí… Aí eu transformei ponto de exclamação em sinal de aguaceiro: – Um traço com um pingo é chuva. Três -!!! – muita chuva. Casa, chuva, chuva, chuva. Estou só avisando… Cuidado com goteiras. [...] Hoje, 60 anos depois, repito, valeu a pena. E lá vou eu apanhar uns triângulos vermelhos para a minha rainha arrumar no triângulo do retângulo do quadrado da frente. Perfeito. Daqui a pouco a jarra da mesa da sala estará toda perfumada com os… Como é mesmo? Vá lá! Com os triângulos vermelhos.","D17 - Reconhecer o sentido das relações lógico-discursivas marcadas por conjunções, advérbios etc.","No trecho “Daqui a pouco a jarra da mesa da sala estará toda perfumada...” a expressão em ""Daqui a pouco"" indica",d,8° ano,SPAECE,Avaliação paraná,tempo.,"['causa.', 'lugar.', 'modo.', 'tempo.']"
Água: uma responsabilidade de todos,"As secas que abatem as regiões Sudeste e Nordeste são fatores que aumentam as dificuldades de abastecimento em muitos centros urbanos, fazendo com que a questão da água seja cada vez mais discutida. Mudanças de hábitos são necessárias, tendo em vista que a falta desse recurso já atinge mais de 1 bilhão de pessoas no mundo. Estima-se que, em 2030, quase metade da população mundial viverá em condições de alto estresse hídrico. O futuro do planeta está ligado à conscientização. Ações aparentemente simples, como não demorar no banho e fechar a torneira ao escovar os dentes, são imprescindíveis – em 2013, no país, consumiram-se 166,3 litros por habitante/dia, sendo que a Organização Mundial da Saúde recomenda o uso de 110 litros diários para uma pessoa atender suas necessidades básicas de consumo. Todos os segmentos sociais devem se comprometer e erguer a bandeira de consumo consciente, desde cidadãos, empresas privadas e ONGs. Usar racionalmente e realizar iniciativas que visem à economia de água é uma forma de preservação da vida, já que este é um bem necessário a todos os seres vivos. Órgãos públicos e o setor privado devem unir esforços para a realização de práticas que visem despertar para a “causa” da água. As empresas devem ir além das obrigações impostas pela legislação, promover ações que impactem minimamente o meio ambiente. No próprio processo de produção, também se pode reciclar, reutilizar água, reaproveitar sobras de matéria-prima, adotar medidas que economizem energia elétrica. São atitudes éticas que buscam o crescimento econômico sem agressão ao meio ambiente. Também é preciso investir em projetos sustentáveis que fomentem o engajamento da população – a começar por conscientizar a própria equipe de trabalho. [...] Ou seja, a crise hídrica também pode ser uma oportunidade para quem investe em sustentabilidade. [...] Se não estudarmos ações inteligentes para reduzir perdas, será difícil evitar o desabastecimento no futuro.","D17 - Reconhecer o sentido das relações lógico-discursivas marcadas por conjunções, advérbios etc.","Nesse texto, no trecho “... para uma pessoa atender suas necessidades básicas de consumo.” a palavra ""para"" foi usada para",b,8° ano,SPAECE,Avaliação paraná,indicar finalidade.,"['apontar causa.', 'indicar finalidade.', 'marcar proporção.', 'sugerir tempo.']"
Baratas ─ Conheça as características desse inseto resistente,"[...] Existem cerca de 5 mil espécies de baratas, das quais 1 mil são brasileiras. Muita gente não sabe que as baratas urbanas correspondem a 1% do total de espécies desses insetos – o restante são espécies silvestres. [...] Os fósseis mais antigos de baratas estão datados em cerca de 320 milhões de anos, do período Carbonífero. Esses registros são impressões em rochas pré-históricas – o padrão das nervuras presentes nas asas é característico de cada espécie. Fósseis de baratas encontrados nas rochas calcárias da Formação de Santana, na região mineira de Santana de Cariri, datam de 112 milhões de anos, do período Cretáceo Inferior. Isso prova que esses insetos foram contemporâneos dos dinossauros. [...] As baratas são sobreviventes de todas as alterações climáticas e ambientais sofridas pela Terra em centenas de milhões de anos. Como uma fórmula “que deu certo”, elas não mudaram muito de lá para cá. Apresentam apenas variação no número de nervuras em suas asas e de espinhos nas pernas. [...]","D14 - Reconhecer as relações entre partes de um texto, identificando os recursos coesivos que contribuem para sua continuidade.","Nesse texto, no trecho “... elas não mudaram muito de lá para cá.” o termo ""elas"" retoma a palavra
",b,8° ano,SPAECE,Avaliação paraná,baratas.,"['asas.', 'baratas.', 'nervuras.', 'rochas.']"
Viagem a Brobdingnag,"[...] Os primeiros 20 dias de viagem não foram muito calmos, pois os ventos fortes dificultavam as operações de bordo e a manutenção da rota. Na madrugada do 21º dia, o Aventura foi atingido por uma violenta tempestade que, embora tenha durado horas, foi suficiente para fazer com que perdêssemos nossa localização no mapa. O dia seguinte amanheceu claro e bonito. Logo avistamos, ao sul, alguns rochedos, que poderiam pertencer a uma ilha ou mesmo a um continente. Como já se esgotava nossa água potável, o comandante ordenou a 12 homens que tomassem um bote e procurassem fontes ou rios; talvez até achassem alguém que nos informasse sobre nossa localização. [...] Foi um pouco custoso alcançar a praia, por causa dos recifes enormes e pontiagudos. Quando, finalmente, chegamos, resolvemos nos separar. Eu, com minha experiência, iria por um lado e os outros homens pelo outro, até nos encontrarmos no ponto de partida [...]. Andei bastante tempo sem encontrar vestígio de água. Decidi voltar para ver se os marinheiros tinham tido melhor sorte. Quase próximo ao lugar combinado, olhei para o mar e vi meus companheiros no bote, afastando-se rapidamente da praia em direção ao navio. Eles haviam me esquecido em terra! Comecei a chamá-los: – Esperem! Estou aqui! Porém, meu último grito ficou preso na garganta e meu olhar fixo na figura de um homem de mais ou menos 20 metros de altura, que ia no encalço do bote e do Aventura [...]. Dei meia-volta e saí em disparada pelo mesmo caminho que acabara de percorrer. [...]","D14 - Reconhecer as relações entre partes de um texto, identificando os recursos coesivos que contribuem para sua continuidade.","Nesse texto, no trecho “... que, embora tenha durado horas,...” o termo ""que"" retoma a palavra",c,8° ano,SPAECE,Avaliação paraná,tempestade.,"['madrugada.', 'rota.', 'tempestade.', 'viagem.\r']"
-,"Desde sua invenção, os cosméticos evoluem no mesmo compasso das transformações sociais. Na França pré-revolucionária, eles marcaram os rostos, exageradamente pintados [...]. A maquiagem, então, mais uma vez se transformava. Daí em diante, ela evitaria o ostracismo1  se renovando sempre: batons, blushes e sombras se revezariam em uma infinidade de cores. 400 A.C. Os povos da mesopotâmia (antigo Iraque) usam o kohl para unir as sobrancelhas, o sulfito de antimônio (pó escuro e tóxico) como sombra, o açafrão para colorir unhas e a terra vermelha com frutas silvestres (também vermelhas) maceradas como blush. [...] 776 A.C. Na Antiguidade clássica, a maquiagem feita à base de óleos naturais, sem fixadores como os de hoje, brigava com o calor do verão mediterrâneo. [...] 476 As mulheres [...] usavam máscaras de farinha de trigo, mel, óleo e sanguessugas [...]. 1774 O maquiador particular de Maria Antonieta cria nove tonalidades de ruge exclusivas para a rainha. A choconilha (um corante de cor carmim), retirada de um inseto de mesmo nome, se tornou a base principal para o tom. [...] 1945 [...] Na era Disco, rosa, azul e verde dão cor às sombras. Em 1980, chegam os cosméticos de longa duração. 2010 A cosmetologia [...] trata da pele de homens e mulheres, usando produtos como bases com filtro solar e até batons hidratantes. [...]","D14 - Reconhecer as relações entre partes de um texto, identificando os recursos coesivos que contribuem para sua continuidade.","Nesse texto, no trecho “Desde sua invenção...” o termo ""sua"" faz referência a",b,8° ano,SPAECE,Avaliação paraná,cosméticos.,"['cores.', 'cosméticos.', 'farinha de trigo.\r', 'mel.']"
Viagem a Brobdingnag,"[...] Os primeiros 20 dias de viagem não foram muito calmos, pois os ventos fortes dificultavam as operações de bordo e a manutenção da rota. Na madrugada do 21º dia, o Aventura foi atingido por uma violenta tempestade que, embora tenha durado horas, foi suficiente para fazer com que perdêssemos nossa localização no mapa. O dia seguinte amanheceu claro e bonito. Logo avistamos, ao sul, alguns rochedos, que poderiam pertencer a uma ilha ou mesmo a um continente. Como já se esgotava nossa água potável, o comandante ordenou a 12 homens que tomassem um bote e procurassem fontes ou rios; talvez até achassem alguém que nos informasse sobre nossa localização. [...] Foi um pouco custoso alcançar a praia, por causa dos recifes enormes e pontiagudos. Quando, finalmente, chegamos, resolvemos nos separar. Eu, com minha experiência, iria por um lado e os outros homens pelo outro, até nos encontrarmos no ponto de partida [...]. Andei bastante tempo sem encontrar vestígio de água. Decidi voltar para ver se os marinheiros tinham tido melhor sorte. Quase próximo ao lugar combinado, olhei para o mar e vi meus companheiros no bote, afastando-se rapidamente da praia em direção ao navio. Eles haviam me esquecido em terra! Comecei a chamá-los: – Esperem! Estou aqui! Porém, meu último grito ficou preso na garganta e meu olhar fixo na figura de um homem de mais ou menos 20 metros de altura, que ia no encalço do bote e do Aventura [...]. Dei meia-volta e saí em disparada pelo mesmo caminho que acabara de percorrer. [...]",D11 - Reconhecer os elementos que compõem uma narrativa e o conflito gerador.,O trecho que apresenta o momento mais emocionante dessa história é:,c,8° ano,SPAECE,Avaliação paraná,"“Porém, meu último grito ficou preso na garganta e meu olhar fixo na figura de um homem de mais ou menos 20 metros de altura, que ia no encalço do bote e do Aventura.”.","['“Os primeiros 20 dias de viagem não foram muito calmos, pois os ventos fortes dificultavam as operações ...”.', '“Foi um pouco custoso alcançar a praia, por causa dos recifes enormes e pontiagudos. Quando, finalmente, chegamos, resolvemos nos separar.”. ', '“Porém, meu último grito ficou preso na garganta e meu olhar fixo na figura de um homem de mais ou menos 20 metros de altura, que ia no encalço do bote e do Aventura.”.', '“Dei meia-volta e saí em disparada pelo mesmo caminho que acabara de percorrer.”.']"
Dicionário de formas,"Era uma vez eu, Zé Sorveteiro, que me apaixonei por uma princesa que acabara de chegar do outro lado da Terra. Bolei para ela um dicionário de quatro palavras: bola, quadrado, retângulo, triângulo. Japonês se escreve com desenhos. Com desenhos a princesa aprenderia português! [...] Ia até meu carrinho e pedia, desenhando no ar: – Triângulo-bola. Sorvete na casquinha! O dicionário funcionava às maravilhas. Eu? Mandava bilhetes. Desenhava um quadrado com um triângulo em cima e escrevia: casa!!! Caprichava nos pontos de exclamação. Casa!!! Casa!!! Fácil de entender: casa comigo. Mas toda princesa tem uma fera para encontrar bilhetes. Uma hora a fera mandou me chamar. Aí… Aí eu transformei ponto de exclamação em sinal de aguaceiro: – Um traço com um pingo é chuva. Três -!!! – muita chuva. Casa, chuva, chuva, chuva. Estou só avisando… Cuidado com goteiras. [...] Hoje, 60 anos depois, repito, valeu a pena. E lá vou eu apanhar uns triângulos vermelhos para a minha rainha arrumar no triângulo do retângulo do quadrado da frente. Perfeito. Daqui a pouco a jarra da mesa da sala estará toda perfumada com os… Como é mesmo? Vá lá! Com os triângulos vermelhos.",D11 - Reconhecer os elementos que compõem uma narrativa e o conflito gerador.,O trecho desse texto que mostra que o narrador conta uma história vivida por ele é:,a,8° ano,SPAECE,Avaliação paraná,"“Era uma vez eu, Zé Sorveteiro, que me apaixonei por uma princesa...”.","['“Era uma vez eu, Zé Sorveteiro, que me apaixonei por uma princesa...”.', '“Com desenhos a princesa aprenderia português!”.', '“Mas toda princesa tem uma fera para encontrar bilhetes.”.', '“Daqui a pouco a jarra da mesa da sala estará toda perfumada...”.']"
"Mais uma ação do “Horta no Quintal” no Mãe Coruja
A ideia é repassar para as mães assistidas pelo programa como cultivar uma horta saudável em
pequenos espaços","Parceria entre o programa Mãe Coruja do Ipojuca e Secretaria de Agricultura desenvolve, quinzenalmente, a ação do Horta no Quintal. A programação oferecida, desde o final do ano passado, tem o objetivo de estimular a produção de hortaliças para o consumo da família. O ninho Mãe Coruja do Ipojuca-sede recebeu, na tarde desta quinta-feira (10), mães e futuras mamães do Programa para entender o passo a passo do cultivo de hortaliças em casa. A didática foi repassada pelo técnico em Agropecuária da Secretaria de Agricultura, Antenor Gomes, que destacou o processo como fácil, prático e gratificante. “Basta usar o que temos ao nosso redor de material reciclável, como garrafa pet, baldes e caqueiras velhas. Materiais que causam danos ao meio ambiente se tornam aliados nessa atividade”, declarou Gomes. [...]",D07 - Diferenciar a informação principal das secundárias em um texto.,A informação principal do texto está em:,a,8° ano,SPAECE,Avaliação paraná,“Aprogramação oferecida [...] tem o objetivo de estimular a produção de hortaliças para o consumo da família.”. ,"['“Aprogramação oferecida [...] tem o objetivo de estimular a produção de hortaliças para o consumo da família.”. ', '“Adidática foi repassada pelo técnico em Agropecuária da Secretaria deAgricultura,Antenor Gomes,...”.', '“‘Basta usar o que temos ao nosso redor de material reciclável,...’”.', '“‘Materiais que causam danos ao meio ambiente se tornam aliados...’”.']"
Jurássicas penas,"Olá, CHC! Gostei muito da notícia do dinossauro com penas. Fiquei em dúvida se ele é só carnívoro ou onívoro (comem carne e vegetais), seria legal se vocês publicassem sobre isso. Também não sabia que existiam dinossauros que tinham penas no rabo. Podem publicar, por favor, a minha carta? Sophie Sauer Harber Machado. Curitiba/PR. Oi, Sophie. Veja a sua carta publicada! Sobre os dinossauros, você pode encontrar essas res postas na CHC digital!",D06 - Distinguir fato de opinião relativa ao fato.,"Nesse texto, qual trecho apresenta uma opinião?",b,8° ano,SPAECE,Avaliação paraná,“... seria legal se vocês publicassem sobre isso.”.,"['“Fiquei em dúvida se ele é só carnívoro ou onívoro...”.', '“... seria legal se vocês publicassem sobre isso.”.', ' “... existiam dinossauros que tinham penas no rabo.”. ', '“Podem publicar, por favor, a minha carta?”.']"
Família paranaense fatura medalha de prata em concurso de queijo mais importante do mundo,"O Paraná foi muito bem representado no Concours Mondial du Fromage et des Produits Laitiers (Concurso Mundial dos Queijos e Laticínios). A premiação aconteceu de 12 a 14 de setembro, em Tours, na França. Os produtores de leite, Marisa Alexandre Martins e Leomar Melo Martins, responsáveis pelo Sítio Aliança, localizado no município Santana do Itararé, conquistaram a medalha de prata. A grande aposta da família Martins foi o queijo Maná Concafé Gourmet, com 30 dias de maturação. “O nosso queijo é feito de leite de vaca Jersey com gordura e qualidade alta. É feito com café gourmet de altíssima qualidade e precisa de 30 dias de maturação na câmara fria. É saboroso e possui um gosto não muito forte de café”, explica Leomar. Segundo o produtor, o prêmio internacional coloca o Estado do Paraná em posição de destaque. “O Paraná está entrando no âmbito nacional e internacional, isso demonstra que temos produtos originais de qualidade e seguros. Ganhar um prêmio internacional como esse, principalmente, para nós que somos de uma pequena propriedade de agricultura familiar do Norte do Paraná, é indescritível.” ressaltou a família Martins. [...] No total, participaram da competição 940 queijos de 46 países. Destes, 183 vieram de 57 produtores brasileiros, que garantiram 57 medalhas ao país: cinco delas foram super ouro, as mais importantes da disputa. O Brasil ainda conquistou 11 medalhas de ouro, 24 de prata e 17 de bronze. Ao todo, 331 medalhas foram concedidas na competição.",D06 - Distinguir fato de opinião relativa ao fato.,O trecho desse texto que apresenta um fato é:,d,8° ano,SPAECE,Avaliação paraná,"“O Brasil ainda conquistou 11 medalhas de ouro, 24 de prata e 17 de bronze.”","['“O Paraná foi muito bem representado...”.', '“‘É feito com café gourmet de altíssima qualidade...’”.', '“‘É saboroso e possui um gosto não muito forte de café”, explica Leomar.’”.', '“O Brasil ainda conquistou 11 medalhas de ouro, 24 de prata e 17 de bronze.”']"
"A importância da gentileza no dia a dia
","Um ditado popular diz que: “gentileza gera gentileza”. Quando se é gentil com os outros ajudamos a tornar ambiente melhor. Ser gentil é ser amável, agradável, elegante, cortês. Atos de gentileza tornam você aos olhos do outro um ser encantador e digno de receber um tratamento semelhante. Luiz Gabriel Tiago, empresário indicado ao Prêmio Nobel da Paz, disse: “A gentileza pode transformar uma vida, uma relação, um relacionamento profissional, basta praticar. A gentileza no ambiente de trabalho é o grande trunfo dos profissionais que estão prontos para fazer a diferença no mercado.” E Gandhi, dizia que: “A gentileza não diminui com o uso. Ela retorna multiplicada.” [...] Pessoas gentis não são individualistas, respeitam o trabalho do colega, e com isso elas chegam mais longe, já que abrem caminhos de comunicação com os outros e se tornam mais acessíveis. [...] É preciso praticar a gentileza com todos, sejam seus subalternos, familiares ou amigos próximos. Dizem que o favor é feito com o cérebro e a gentileza com o coração, ou seja, não é um gesto planejado, mas você pode se esforçar para desenvolver essa característica, caso não a tenha. [...]",D06 - Distinguir fato de opinião relativa ao fato.,Em qual trecho desse texto há uma opinião do autor?,c,8° ano,SPAECE,Avaliação paraná,"“É preciso praticar a gentileza com todos,...”.","['“... empresário indicado ao Prêmio Nobel da Paz,...”.', '“... abrem caminhos de comunicação com os outros...”.', '“É preciso praticar a gentileza com todos,...”.', '“Dizem que o favor é feito com o cérebro...”']"
-,"Em As Três Marias acompanhamos Maria Augusta que, ao fazer 12 anos, deixa a fazenda do pai e vai para a capital estudar em um colégio de freiras. Assustada com as novas regras e rotinas rígidas do internato, a garota logo faz amizade com outras duas alunas, Maria Glória e Maria José. Através da perspectiva de Maria Augusta, acompanhamos a adolescência das amigas e o início da vida adulta, mas não apenas as delas. Rachel de Queiroz traz uma história sobre várias mulheres e o que ser mulher significava na primeira metade do século XX, através de uma narrativa quase poética. Esse é um livro curto, mas me arrebatou completamente. Na primeira parte do livro, acompanhamos a vida nesse colégio de freiras e isso me prendeu logo de cara. Eu adoro histórias que se passam em internatos. O clima de amizade, de confidências, das regras [...]. É nesse momento em que descobrimos mais sobre a vida da protagonista e suas amigas. Mas como comentei, Guta (a narradora) não centra a história apenas nela e em suas amigas mais próximas. Ela apresenta um leque de meninas e mulheres com diferentes personalidades [...]. É nessa fase, em que as meninas são inseparáveis, que elas recebem o apelido de As Três Marias, por estarem sempre juntas, como as estrelas, mas serem claramente diferentes. [...] Achei arrebatador. A escrita é um caso à parte de tão bonita e sei que não vou conseguir fazer jus a esse aspecto, então fica o recado: leiam. Sobre a história, já ficou claro o quanto eu amei conhecer essas várias mulheres, mesmo que esse seja um livro bem mais melancólico do que estou acostumada. As Três Marias me tirou um pouco da zona de conforto e estou pronta para ler mais dessa autora.",D06 - Distinguir fato de opinião relativa ao fato.,Qual trecho desse texto apresenta uma opinião?,d,8° ano,SPAECE,Avaliação paraná,“Achei arrebatador. A escrita é um caso à parte de tão bonita...”.,"['“Através da perspectiva de Maria Augusta, acompanhamos a adolescência das amigas...”.', '“Rachel de Queiroz traz uma história sobre várias mulheres...”. ', '""É nesse momento em que descobrimos mais sobre a vida da protagonista e suas amigas.”. ', '“Achei arrebatador. A escrita é um caso à parte de tão bonita...”.']"
Que tal criar um projeto nas férias?,"Kaciane Caroline tem dez anos, mora numa cidade do interior de São Paulo, vai à escola, faz lição de casa, brinca. Tem uma coisa que ela adora fazer: ler. Já leu um montão de livros (mais de 500!), quer ler mais, e ainda tem vontade de incentivar outras pessoas a também gostar dos livros. Para isso, Caroline teve a ideia de montar uma biblioteca no quintal de casa. Olha que coisa mais interessante: a menina conseguiu a ajuda de empresas da cidade, da escola, de colegas e de várias pessoas da comunidade. Com isso, seus pais puderam construir um local para lotar de livros. E deu certo! Hoje, o lugar funciona com mais de 4.000 obras e, durante três horas por dia, sempre no período da tarde, quem quiser pode ir lá e pegar um livro emprestado, assim como acontece em qualquer biblioteca. Mas Caroline quer mais. Está fazendo uma vaquinha pela internet para tornar a biblioteca dela profissional. E se você aproveitasse suas férias para, além de brincar, dormir, brincar ainda mais, ficar sem fazer nada e passear, também pensar em um projeto bem legal? [...] A garota da biblioteca é um exemplo para todas as crianças. Ela conseguiu fazer um gosto dela ser também o gosto de muitos outros. Ela é uma menina generosa, criativa e ativa. E todas as crianças, inclusive você, podem ser assim também. [...]",D06 - Distinguir fato de opinião relativa ao fato.,"Nesse texto, há uma opinião no trecho:",b,8° ano,SPAECE,Avaliação paraná,“Olha que coisa mais interessante: a menina conseguiu a ajuda...”.,"['“Para isso, Caroline teve a ideia de montar uma biblioteca no quintal...”..', '“Olha que coisa mais interessante: a menina conseguiu a ajuda...”.', '“... seus pais puderam construir um local para lotar de livros.”. ', '“... sempre no período da tarde, quem quiser pode ir lá...”.']"
Água cidadã,"“Olha que coisa mais interessante: a menina conseguiu a ajuda...”. A gente tem um monte de direitos, os animais também têm, mas e a água, será que ela tem direitos também? Tem sim, e graças à ONU! A Organização das Nações Unidas criou um documento chamado Declaração Universal dos Direitos da Água! Ele tem 10 parágrafos, todos explicando como ela é importante para o nosso planeta! O primeiro item diz, logo de cara, que a água é patrimônio do planeta, e que cada povo e cada nação são responsáveis por ela! Já o parágrafo 7 diz claramente que a água não deve ser desperdiçada, nem poluída e nem envenenada! Puxa, seria legal se todo mundo respeitasse essa declaração, né?",D06 - Distinguir fato de opinião relativa ao fato.,O trecho desse texto que apresenta uma opinião do autor é:,d,8° ano,SPAECE,Avaliação paraná,"“Puxa, seria legal se todo mundo respeitasse essa declaração, né?”. ","['“A gente tem um monte de direitos, os animais também têm,...”.', '“A Organização das Nações Unidas criou um documento...”. \r', '“O primeiro item diz, logo de cara, que a água é patrimônio do planeta,...”. \r', '“Puxa, seria legal se todo mundo respeitasse essa declaração, né?”. ']"
"Mais uma ação do “Horta no Quintal” no Mãe Coruja
A ideia é repassar para as mães assistidas pelo programa como cultivar uma horta saudável em
pequenos espaços","Parceria entre o programa Mãe Coruja do Ipojuca e Secretaria de Agricultura desenvolve, quinzenalmente, a ação do Horta no Quintal. A programação oferecida, desde o final do ano passado, tem o objetivo de estimular a produção de hortaliças para o consumo da família. O ninho Mãe Coruja do Ipojuca-sede recebeu, na tarde desta quinta-feira (10), mães e futuras mamães do Programa para entender o passo a passo do cultivo de hortaliças em casa. A didática foi repassada pelo técnico em Agropecuária da Secretaria de Agricultura, Antenor Gomes, que destacou o processo como fácil, prático e gratificante. “Basta usar o que temos ao nosso redor de material reciclável, como garrafa pet, baldes e caqueiras velhas. Materiais que causam danos ao meio ambiente se tornam aliados nessa atividade”, declarou Gomes. [...]",D06 - Distinguir fato de opinião relativa ao fato.,"No texto, há uma opinião no trecho:",c,8° ano,SPAECE,Avaliação paraná,"“... Antenor Gomes, que destacou o processo como fácil, prático e gratificante.”. ","['“Parceria entre o programa Mãe Coruja do Ipojuca e Secretaria de Agricultura desenvolve,...”.', '“A programação oferecida, desde o final do ano passado, tem o objetivo de estimular...”.', '“... Antenor Gomes, que destacou o processo como fácil, prático e gratificante.”. ', '“‘Basta usar o que temos ao nosso redor de material reciclável,... ’”.']"
Dicionário de formas,"Era uma vez eu, Zé Sorveteiro, que me apaixonei por uma princesa que acabara de chegar do outro lado da Terra. Bolei para ela um dicionário de quatro palavras: bola, quadrado, retângulo, triângulo. Japonês se escreve com desenhos. Com desenhos a princesa aprenderia português! [...] Ia até meu carrinho e pedia, desenhando no ar: – Triângulo-bola. Sorvete na casquinha! O dicionário funcionava às maravilhas. Eu? Mandava bilhetes. Desenhava um quadrado com um triângulo em cima e escrevia: casa!!! Caprichava nos pontos de exclamação. Casa!!! Casa!!! Fácil de entender: casa comigo. Mas toda princesa tem uma fera para encontrar bilhetes. Uma hora a fera mandou me chamar. Aí… Aí eu transformei ponto de exclamação em sinal de aguaceiro: – Um traço com um pingo é chuva. Três -!!! – muita chuva. Casa, chuva, chuva, chuva. Estou só avisando… Cuidado com goteiras. [...] Hoje, 60 anos depois, repito, valeu a pena. E lá vou eu apanhar uns triângulos vermelhos para a minha rainha arrumar no triângulo do retângulo do quadrado da frente. Perfeito. Daqui a pouco a jarra da mesa da sala estará toda perfumada com os… Como é mesmo? Vá lá! Com os triângulos vermelhos.",D06 - Distinguir fato de opinião relativa ao fato.,"Nesse texto, o trecho que apresenta uma opinião é:",c,8° ano,SPAECE,Avaliação paraná,“O dicionário funcionava às maravilhas.”.,"['“Era uma vez eu, Zé Sorveteiro, que me apaixonei...”', '“Ia até meu carrinho e pedia, desenhando no ar:...”. ', '“O dicionário funcionava às maravilhas.”.', '“Aí eu transformei ponto de exclamação em sinal de aguaceiro:""']"
Quem é esse Will?,"Era uma vez eu, Zé Sorveteiro, que me apaixonei por uma princesa que acabara de chegar do outro lado da Terra. Bolei para ela um dicionário de quatro palavras: bola, quadrado, retângulo, triângulo. Japonês se escreve com desenhos. Com desenhos a princesa aprenderia português! [...] Ia até meu carrinho e pedia, desenhando no ar: – Triângulo-bola. Sorvete na casquinha! O dicionário funcionava às maravilhas. Eu? Mandava bilhetes. Desenhava um quadrado com um triângulo em cima e escrevia: casa!!! Caprichava nos pontos de exclamação. Casa!!! Casa!!! Fácil de entender: casa comigo. Mas toda princesa tem uma fera para encontrar bilhetes. Uma hora a fera mandou me chamar. Aí… Aí eu transformei ponto de exclamação em sinal de aguaceiro: – Um traço com um pingo é chuva. Três -!!! – muita chuva. Casa, chuva, chuva, chuva. Estou só avisando… Cuidado com goteiras. [...] Hoje, 60 anos depois, repito, valeu a pena. E lá vou eu apanhar uns triângulos vermelhos para a minha rainha arrumar no triângulo do retângulo do quadrado da frente. Perfeito. Daqui a pouco a jarra da mesa da sala estará toda perfumada com os… Como é mesmo? Vá lá! Com os triângulos vermelhos.Sente-se. [...] Meu nome é Willian Leite. Sou designer gráfico, quadrinista e ilustrador. Nasci em 1986 na discreta cidade de Porecatu, no Paraná. Atualmente moro em Apucarana, ainda no Paraná. Sou formado em Publicidade e Propaganda e pós-graduado em Design, Cognição e Mídia. O design foi até aqui o meu maior ganha-pão. Mas pouco a pouco o Will Tirando vem tomando conta da minha vida. Faço tiras desde 2007. Comecei publicando nas redes sociais da vida. Meu público era minha família e meus amigos. No início as tiras tinham um estilo bem conhecido no mundo das webcomics: o stickman ou boneco palitinho. Diante de muitas críticas e da necessidade de mudança, fui adaptando meu estilo até chegar no que é hoje. Sou só mais um cartunista influenciado pelos gigantes dos quadrinhos nacionais. Meus personagens, como você pode notar, não têm nariz [...]. Isso não é só influência. Isso é opção também. Meus desenhos não são bonitos, mas são felizes. Na internet ganhei um bom espaço graças (principalmente) a sites de humor [...]. É estranho elogiar o próprio trabalho, mas atribuo a boa aceitação dos leitores ao fato desses se identificarem com o conteúdo das tiras – que quase sempre abordam temas bem populares, por ter um estilo próprio e por publicar com boa frequência. O blog já ultrapassou a marca de 1000 tiras publicadas (sem contar as tiras palitos). Outro aspecto que cativa certos leitores é a pureza que as tiras carregam. [...] Há quem diga que as tiras despertam o poder de reflexão. Não sei… não é a prioridade que tenho quando as faço. [...]",D06 - Distinguir fato de opinião relativa ao fato.,Um trecho desse texto que apresenta uma opinião é:,d,8° ano,SPAECE,Avaliação paraná,"“Meus desenhos não são bonitos, mas são felizes.”.","['“O design foi até aqui o meu maior ganha-pão.”.', '“Comecei publicando nas redes sociais da vida.”.', '“Meus personagens, como você pode notar, não têm nariz...”.', '“Meus desenhos não são bonitos, mas são felizes.”.']"
Taxista roda gratuitamente aos inais de semana entregando compra a idosos,"Um taxista trocou as corridas do final de semana para ajudar idosos que não têm como ir ao supermercado. Iqbal Alimohd, de 69 anos, recolhe os pedidos durante toda a semana em Calgary, no Canadá, e, no sábado pela manhã, vai ao mercado fazer as compras. Depois, Iqbal realiza todas as entregas e não cobra nada por isso. O taxista já faz essa boa ação há 15 anos e disse que não tem pretensão de parar. Para ele, realizar as entregas é um papel de cidadania, servindo à comunidade. Apesar de ter iniciado o projeto sozinho, Iqbal hoje conta com a ajuda da esposa, Mumtaz, e dos dois filhos, Faisal e Yasin. A mulher fica responsável por anotar todas as listas de compras e separar os pedidos para entrega. Já os dois filhos acompanham o pai ao mercado para retirar os itens. ""É um compromisso tão importante que, sempre que queremos viajar ou ir a qualquer lugar, ele [o taxista] diz: 'Bem, o que meus velhinhos vão fazer no sábado?'"", conta Faisal.",D05 - Identificar o tema ou assunto de um texto.,O assunto desse texto é,a,8° ano,SPAECE,Avaliação paraná,a entrega gratuita de mercadorias realizada por um taxista.,"['a entrega gratuita de mercadorias realizada por um taxista.', 'a qualidade de vida das pessoas em idade avançada.', 'o método utilizado por um mercado para separar as compras.', 'o tipo de público que costuma frequentar os mercados.']"
O celular está destruindo nossa memória,"O Instagram recebe 95 milhões de fotos por dia. São 1.100 novas imagens no sistema a cada segundo. Isso sem falar nos outros bilhões de cliques armazenados na memória dos celulares e que nunca verão a luz do dia. Nunca se fotografou tanto, claro. No início do século 21, ainda estávamos presos à quantidade de fotos que cabiam num rolo de filme – o rolo podia abrigar 12, 24 ou 36 imagens. Logo, o momento de tirar uma foto era especial. E poucos se aventuravam a esticar o braço e tirar uma foto da própria cara. A chance de dar ruim era gigantesca. As câmeras digitais acabaram com a limitação de poses. [...] E tome foto. De tudo. De todos. Só tem um problema: esse hábito pode estar acabando com as nossas vidas – pelo menos com a forma como nos lembramos das nossas vidas. E pode estar distorcendo nossas personalidades também. [...] Quando você vive com uma câmera fotográfica de capacidade virtualmente infinita no bolso, a tendência é que você se preocupe mais em registrar momentos do que em prestar atenção neles. Aí complica. “Prestar atenção é fundamental para codificar informações na memória”, diz a italiana Giuliana Mazzoni, professora de psicologia da Universidade de Hull, no Reino Unido [...]. Para Giuliana Mazzoni, a era da fotografia instantânea também pode ter reverberações em nossa personalidade. “As selfies e poses são planejadas, não têm naturalidade”, ela diz. “Se a gente se basear fortemente em fotos ao nos lembrarmos do passado, poderemos criar uma identidade própria distorcida com base na imagem que desejamos promover para os outros.” Por via das dúvidas, vale lembrar: sua memória talvez agradeça se você parar e dar uma boa olhada no que vai fotografar antes de efetivamente apertar o botão. [...]",D05 - Identificar o tema ou assunto de um texto.,O assunto tratado no texto é:,b,8° ano,SPAECE,Avaliação paraná,Os problemas causados pelo hábito excessivo de fotografar.,"['O uso excessivo de selfies está distorcendo nossa personalidade.', 'Os problemas causados pelo hábito excessivo de fotografar.', 'O fim da limitação de poses pelas câmeras digitais.', 'O processo evolutivo na forma de fotografar.\r']"
Que tal criar um projeto nas férias?,"Kaciane Caroline tem dez anos, mora numa cidade do interior de São Paulo, vai à escola, faz lição de casa, brinca. Tem uma coisa que ela adora fazer: ler. Já leu um montão de livros (mais de 500!), quer ler mais, e ainda tem vontade de incentivar outras pessoas a também gostar dos livros. Para isso, Caroline teve a ideia de montar uma biblioteca no quintal de casa. Olha que coisa mais interessante: a menina conseguiu a ajuda de empresas da cidade, da escola, de colegas e de várias pessoas da comunidade. Com isso, seus pais puderam construir um local para lotar de livros. E deu certo! Hoje, o lugar funciona com mais de 4.000 obras e, durante três horas por dia, sempre no período da tarde, quem quiser pode ir lá e pegar um livro emprestado, assim como acontece em qualquer biblioteca. Mas Caroline quer mais. Está fazendo uma vaquinha pela internet para tornar a biblioteca dela profissional. E se você aproveitasse suas férias para, além de brincar, dormir, brincar ainda mais, ficar sem fazer nada e passear, também pensar em um projeto bem legal? [...] A garota da biblioteca é um exemplo para todas as crianças. Ela conseguiu fazer um gosto dela ser também o gosto de muitos outros. Ela é uma menina generosa, criativa e ativa. E todas as crianças, inclusive você, podem ser assim também. [...]",D05 - Identificar o tema ou assunto de um texto.,O assunto do texto lido é,c,8° ano,SPAECE,Avaliação paraná,a montagem de uma biblioteca por uma menina.,"['a menina que gosta de leituras.\r', 'a leitura e as brincadeiras nas férias.\r', 'a montagem de uma biblioteca por uma menina.', 'a elaboração de projetos e atividades nas férias.']"
Água cidadã,"A gente tem um monte de direitos, os animais também têm, mas e a água, será que ela tem direitos também? Tem sim, e graças à ONU! A Organização das Nações Unidas criou um documento chamado Declaração Universal dos Direitos da Água! Ele tem 10 parágrafos, todos explicando como ela é importante para o nosso planeta! O primeiro item diz, logo de cara, que a água é patrimônio do planeta, e que cada povo e cada nação são responsáveis por ela! Já o parágrafo 7 diz claramente que a água não deve ser desperdiçada, nem poluída e nem envenenada! Puxa, seria legal se todo mundo respeitasse essa declaração, né?",D05 - Identificar o tema ou assunto de um texto.,O assunto desse texto é ,a,8° ano,SPAECE,Avaliação paraná,a Declaração Universal dos Direitos da Água.,"['a Declaração Universal dos Direitos da Água.', 'a Organização das Nações Unidas.', 'o direito do cidadão.', 'o respeito aos animais.\r']"
Ipojuca recebe projeto de cinema itinerante com sessões gratuitas,"Serão exibidas comédias e filmes infantis nesta quarta, na quinta e sexta. Cine em Cena Brasil vai ocorrer em praça de Nossa Senhora do Ó. O Cine em Cena Brasil chega [...] para exibir longas-metragens de graça à população. O caminhão do projeto vai estacionar na Praça de Eventos Nossa Senhora do Ó, distrito de Ipojuca, e [...] vai rodar filmes de comédia e animações infantis em 3D. Estão na programação “Se Puder... Dirija!”, [...] “SOS Mulheres ao Mar”, [...] “Malévola” [...] e “Frozen – Uma Aventura Congelante” [...]. As sessões têm vagas para 225 pessoas. O projeto [...] renova a proposta de cinema itinerante.",D05 - Identificar o tema ou assunto de um texto.,O assunto desse texto é,c,8° ano,SPAECE,Avaliação paraná,o projeto que exibe filmes gratuitos para a população. ,"['a qualidade das animações infantis em 3D.', 'as vagas disponíveis para cada sessão de cinema.', 'o projeto que exibe filmes gratuitos para a população. ', 'os tipos de filmes preferidos das crianças.']"
O celular está destruindo nossa memória,"No trecho: “Para Giuliana Mazzoni, a era da fotografia instantânea também pode ter reverberações em nossa personalidade.” a palavra ""reverberações"" tem o mesmo sentido deO Instagram recebe 95 milhões de fotos por dia. São 1.100 novas imagens no sistema a cada segundo. Isso sem falar nos outros bilhões de cliques armazenados na memória dos celulares e que nunca verão a luz do dia. Nunca se fotografou tanto, claro. No início do século 21, ainda estávamos presos à quantidade de fotos que cabiam num rolo de filme – o rolo podia abrigar 12, 24 ou 36 imagens. Logo, o momento de tirar uma foto era especial. E poucos se aventuravam a esticar o braço e tirar uma foto da própria cara. A chance de dar ruim era gigantesca. As câmeras digitais acabaram com a limitação de poses. [...] E tome foto. De tudo. De todos. Só tem um problema: esse hábito pode estar acabando com as nossas vidas – pelo menos com a forma como nos lembramos das nossas vidas. E pode estar distorcendo nossas personalidades também. [...] Quando você vive com uma câmera fotográfica de capacidade virtualmente infinita no bolso, a tendência é que você se preocupe mais em registrar momentos do que em prestar atenção neles. Aí complica. “Prestar atenção é fundamental para codificar informações na memória”, diz a italiana Giuliana Mazzoni, professora de psicologia da Universidade de Hull, no Reino Unido [...]. Para Giuliana Mazzoni, a era da fotografia instantânea também pode ter reverberações em nossa personalidade. “As selfies e poses são planejadas, não têm naturalidade”, ela diz. “Se a gente se basear fortemente em fotos ao nos lembrarmos do passado, poderemos criar uma identidade própria distorcida com base na imagem que desejamos promover para os outros.” Por via das dúvidas, vale lembrar: sua memória talvez agradeça se você parar e dar uma boa olhada no que vai fotografar antes de efetivamente apertar o botão. [...]",D03 - Inferir o sentido da palavra ou expressão.,"No trecho: “Para Giuliana Mazzoni, a era da fotografia instantânea também pode ter reverberações em nossa personalidade.” a palavra ""reverberações"" tem o mesmo sentido de",d,8° ano,SPAECE,Avaliação paraná,repercussões.,"['alterações.', 'motivações.', 'preocupações.', 'repercussões.']"
Dicionário de formas,"Era uma vez eu, Zé Sorveteiro, que me apaixonei por uma princesa que acabara de chegar do outro lado da Terra. Bolei para ela um dicionário de quatro palavras: bola, quadrado, retângulo, triângulo. Japonês se escreve com desenhos. Com desenhos a princesa aprenderia português! [...] Ia até meu carrinho e pedia, desenhando no ar: – Triângulo-bola. Sorvete na casquinha! O dicionário funcionava às maravilhas. Eu? Mandava bilhetes. Desenhava um quadrado com um triângulo em cima e escrevia: casa!!! Caprichava nos pontos de exclamação. Casa!!! Casa!!! Fácil de entender: casa comigo. Mas toda princesa tem uma fera para encontrar bilhetes. Uma hora a fera mandou me chamar. Aí… Aí eu transformei ponto de exclamação em sinal de aguaceiro: – Um traço com um pingo é chuva. Três -!!! – muita chuva. Casa, chuva, chuva, chuva. Estou só avisando… Cuidado com goteiras. [...] Hoje, 60 anos depois, repito, valeu a pena. E lá vou eu apanhar uns triângulos vermelhos para a minha rainha arrumar no triângulo do retângulo do quadrado da frente. Perfeito. Daqui a pouco a jarra da mesa da sala estará toda perfumada com os… Como é mesmo? Vá lá! Com os triângulos vermelhos.",D03 - Inferir o sentido da palavra ou expressão.,"Nesse texto, a palavra “bolei” significa",d,8° ano,SPAECE,Avaliação paraná,inventar.,"['enrolar.', 'estar confuso.', 'ficar preocupado.', 'inventar.']"
Praias onde vale a pena curtir o verão Prepare-se para escolher os lugares ideais para o banho de mar [...],"Está chegando o momento mais aguardado do ano. É quando os estudos dão uma trégua, o trabalho fica para depois e as únicas coisas importantes para fazer são curtir o sol, praticar esportes e aproveitar a paisagem. Para onde ir? Os 9.198 quilômetros do litoral brasileiro abrigam lugares paradisíacos, onde o banho de mar e a areia branquinha são uma tentação para quem passou 11 meses do ano vendo o mar a distância. Mas é preciso ser realista. Há pedaços da costa perdidos para as férias. “Em geral, a condição do litoral brasileiro é ruim para os banhos de mar”, confirma Luiz Roberto Tommasi, um dos maiores especialistas em poluição marinha do país, que há anos avalia as condições das praias. Diante da imensidão azul, pode parecer que o quadro não é assim tão grave. Afinal, o mar deveria diluir a sujeira toda deixada pelos turistas concentrados nesta época do ano. Mas o excesso de esgoto não se manifesta apenas pelo cheiro desagradável, a cor escura da água e o lixo generalizado. O esgoto mata o plâncton que produz o oxigênio e carrega bactérias nocivas e materiais que não são degradados. Entra na cadeia alimentar marinha e contamina os peixes. [...] A poluição das praias não é causada apenas pelo esgoto e a sujeira deixada pelos banhistas mal-educados. O petróleo que vaza dos navios, por exemplo, causa danos ecológicos que perduram durante anos. Mas é um problema localizado. A poluição mais grave do litoral brasileiro é provocada pelo saneamento deficiente. Apenas 4,8% da população das cidades costeiras é atendida pela rede de esgoto. As consequências na qualidade da água do mar são percebidas por meio de exames do nível de coliformes fecais. As medições periódicas indicam se a praia está contaminada por esgoto [...]. Muitos jornais costumam dar os resultados desses exames, principalmente no verão. Mas os interessados também podem acompanhar a situação de sua praia favorita pela internet [...].",D01 - Localizar informação explícita.,"De acordo com o texto, o plâncton é responsável",b,8° ano,SPAECE,Avaliação paraná,pela produção de oxigênio.,"['pela cor escura da água.', 'pela produção de oxigênio.', 'pelo aumento de bactérias.', 'pelo cheiro desagradável.']"
